-- --------------------------------------------------------
-- Host:                         127.0.0.1
-- Server version:               10.3.11-MariaDB - mariadb.org binary distribution
-- Server OS:                    Win64
-- HeidiSQL Version:             9.4.0.5125
-- --------------------------------------------------------

/*!40101 SET @OLD_CHARACTER_SET_CLIENT=@@CHARACTER_SET_CLIENT */;
/*!40101 SET NAMES utf8 */;
/*!50503 SET NAMES utf8mb4 */;
/*!40014 SET @OLD_FOREIGN_KEY_CHECKS=@@FOREIGN_KEY_CHECKS, FOREIGN_KEY_CHECKS=0 */;
/*!40101 SET @OLD_SQL_MODE=@@SQL_MODE, SQL_MODE='NO_AUTO_VALUE_ON_ZERO' */;

-- Dumping structure for table festo_homework.client
CREATE TABLE IF NOT EXISTS `client` (
  `id` int(11) NOT NULL AUTO_INCREMENT,
  `Name` varchar(255) NOT NULL,
  `Surname` varchar(255) NOT NULL,
  `Address` varchar(255) NOT NULL,
  `postcode` varchar(255) NOT NULL,
  `City` varchar(255) NOT NULL,
  `Phone` varchar(255) NOT NULL,
  PRIMARY KEY (`id`)
) ENGINE=InnoDB AUTO_INCREMENT=512 DEFAULT CHARSET=utf8;

-- Dumping data for table festo_homework.client: ~510 rows (approximately)
/*!40000 ALTER TABLE `client` DISABLE KEYS */;
INSERT INTO `client` (`id`, `Name`, `Surname`, `Address`, `postcode`, `City`, `Phone`) VALUES
	(2, 'Britni', 'Joanic', '9343 Fairfield Alley', '4212', 'Mlaka pri Kranju', '540-634-7889'),
	(3, 'Nichol', 'Hildrew', '769 Mayfield Terrace', '', 'Narong', '824-387-2303'),
	(4, 'Bobbye', 'Vasiltsov', '266 Twin Pines Junction', '', 'Semongkat', '961-337-9813'),
	(5, 'Joycelin', 'Kitchingman', '91 Towne Circle', '', 'Thị Trấn Cao Lộc', '832-228-6872'),
	(6, 'Marcus', 'Paulsson', '79 Upham Center', '5401', 'Umabay', '213-917-3185'),
	(7, 'Federico', 'Berre', '3 Rieder Junction', '', 'Yuxarı Aran', '580-409-4937'),
	(8, 'Dianna', 'Fay', '6347 Maywood Center', '', 'Vilnius', '904-995-5556'),
	(9, 'Noll', 'Okroy', '194 Bunting Court', '', 'Vilnius', '638-333-2848'),
	(10, 'Susanne', 'Davidovits', '9 Main Trail', '1230', 'Sinamar', '359-481-4179'),
	(11, 'Cherri', 'Brownell', '6530 Marcy Avenue', '3450-205', 'Vale de Açores', '753-107-9793'),
	(12, 'Seana', 'Ebbins', '96 Rockefeller Alley', '', 'Chokwé', '628-361-5984'),
	(13, 'Rutherford', 'Olivi', '01147 Blue Bill Park Pass', '783 32', 'Náklo', '429-716-0654'),
	(14, 'Lurline', 'Eykel', '9697 Little Fleur Street', '', 'Wangjiaping', '774-115-7955'),
	(15, 'Annamarie', 'O\' Donohue', '393 Dayton Avenue', '1104', 'Paraiso', '715-723-0968'),
	(16, 'Seana', 'Lowden', '74321 Shoshone Street', '', 'Cikai', '804-426-6544'),
	(17, 'Bethena', 'Wiggin', '86118 Mitchell Alley', '33150', 'Khun Han', '652-792-6519'),
	(18, 'Bowie', 'Roughan', '3 Golf View Terrace', '', 'Robatal', '992-858-0845'),
	(19, 'Marice', 'Dowbekin', '310 Walton Street', '91539', 'Lazaro Cardenas', '326-782-5852'),
	(20, 'Renee', 'Puddle', '60 Fordem Road', '', 'Longsheng', '106-101-8493'),
	(21, 'Nichole', 'Stanyer', '300 Fallview Park', '', 'Vila de Sal Rei', '830-235-3335'),
	(22, 'Melinda', 'Hellwich', '5 Vernon Circle', '', 'Bogojevo', '262-486-5629'),
	(23, 'Torrey', 'Hankard', '34 Kings Avenue', '', 'Alexandroúpoli', '522-833-3240'),
	(24, 'Pavla', 'Lardnar', '5 Crowley Point', '337 01', 'Rokycany', '870-774-2394'),
	(25, 'Nannie', 'Rouge', '3 Corscot Avenue', '', 'Qiaolin', '742-157-6571'),
	(26, 'Norry', 'Barnby', '3519 Bayside Park', '446 38', 'Vilnius', '168-742-8897'),
	(27, 'Shaylyn', 'Doorly', '2110 Dunning Crossing', '', 'Huangtugang', '121-417-8392'),
	(28, 'Barde', 'Joliffe', '8 Moland Road', '2443', 'Umingan', '216-392-9205'),
	(29, 'Consuelo', 'Golsthorp', '421 Anderson Place', '366101', 'Grebenskaya', '564-321-7424'),
	(30, 'Ainslie', 'Vidgeon', '11 Stoughton Crossing', '', 'Senduro', '955-561-9450'),
	(31, 'Thia', 'Jery', '4 Maywood Center', '', 'Shīeli', '459-303-7471'),
	(32, 'Jillene', 'Hardstaff', '03287 Granby Center', '', 'Jinhua', '496-770-5183'),
	(33, 'Alanah', 'Knapton', '509 Bartillon Street', '', 'Haiyang', '945-599-1289'),
	(34, 'Verna', 'Burleigh', '6249 Emmet Street', '', 'Shangping', '284-716-2477'),
	(35, 'Shirline', 'Nerger', '6 Bashford Circle', '', 'Long’anqiao', '350-891-6378'),
	(36, 'Adel', 'MacEvilly', '57 Nancy Point', '', 'Liujiage', '427-685-9607'),
	(37, 'Mozelle', 'Blackston', '25619 Columbus Drive', '', 'Vilnius', '998-857-1919'),
	(38, 'Muire', 'Cloney', '30901 Arrowood Alley', '', 'Palykavichy Pyershyya', '411-510-0505'),
	(39, 'Darrell', 'Longhorn', '03365 Commercial Lane', '618284', 'Shirokovskiy', '221-298-0687'),
	(40, 'Cathi', 'Quainton', '85 Little Fleur Drive', '671 53', 'Jevišovice', '958-517-4014'),
	(41, 'Elvin', 'Blissitt', '2619 Bellgrove Hill', '', 'Xiachengzi', '399-965-3153'),
	(42, 'Glyn', 'Ardley', '15 Clarendon Avenue', '', 'Vilnius', '689-617-1660'),
	(43, 'Allyce', 'Lebell', '76 Pennsylvania Street', '95123', 'San Jose', '408-965-0257'),
	(44, 'Cortney', 'Molloy', '87038 Eagan Hill', '', 'Pondokunyur', '427-953-4497'),
	(45, 'Shirley', 'Tuckett', '80 Swallow Avenue', '1196', 'Sydney', '339-635-6036'),
	(46, 'Alaine', 'Dillicate', '7574 Graedel Circle', '30204', 'Cartagena', '600-336-9542'),
	(47, 'Nani', 'Willey', '872 Quincy Circle', '842-0001', 'Kanzaki', '358-417-9279'),
	(48, 'Bobbi', 'O\'Ferris', '7857 Northridge Way', '', 'Santa Ana', '445-315-2433'),
	(49, 'Michail', 'Emeney', '8 Little Fleur Road', '', 'Quanling', '528-739-0888'),
	(50, 'Shelagh', 'Hoofe', '287 Havey Circle', '', 'Santiago de Chuco', '756-565-4441'),
	(51, 'Betteann', 'Novacek', '9 International Place', '190990', 'Saint Petersburg', '191-368-5364'),
	(52, 'Rhodia', 'Everil', '28 Jenifer Place', '607328', 'Satis', '237-252-6897'),
	(53, 'Illa', 'Blenkinsopp', '726 Oakridge Way', '', 'Guangdu', '133-167-4457'),
	(54, 'Dulcy', 'Dashkovich', '77 Columbus Street', '', 'Kahrīz', '242-895-6354'),
	(55, 'Ailis', 'Coffin', '92946 Algoma Road', '613920', 'Pinyug', '977-568-8725'),
	(56, 'Candy', 'Lamswood', '4896 Larry Alley', '33-115', 'Janowice', '722-914-4939'),
	(57, 'Roosevelt', 'Yewdell', '317 Jay Junction', '92105', 'El Limon', '220-486-3219'),
	(58, 'Ottilie', 'Tree', '5 Paget Pass', '662668', 'Taganskiy', '805-444-4869'),
	(59, 'Kimmie', 'Zannuto', '4 Armistice Park', 'J5M', 'Saint-Lin-Laurentides', '272-473-1701'),
	(60, 'Waly', 'Coggin', '5449 Elka Point', '30800', 'Zaragoza', '403-967-9755'),
	(61, 'Hi', 'Follacaro', '23992 Dapin Hill', '252 44', 'Psáry', '228-680-9887'),
	(62, 'Beauregard', 'Bhar', '54 Ohio Parkway', '2422', 'Bolaoit', '375-127-2573'),
	(63, 'Keelby', 'Kliche', '35702 Raven Park', '356003', 'Novoaleksandrovsk', '317-807-3909'),
	(64, 'Devon', 'Kikke', '13 Mitchell Junction', '', 'Polos', '226-374-7869'),
	(65, 'Cece', 'Wailes', '30506 Dawn Place', '44950', 'Malax', '429-894-2460'),
	(66, 'Marj', 'Pringuer', '26580 Hoard Plaza', '80110', 'Thung Song', '815-630-8779'),
	(67, 'Anderea', 'Preto', '6556 Thackeray Court', '4010', 'Cigaras', '118-229-6648'),
	(68, 'Rosanna', 'Jacklings', '57709 Clove Terrace', '404622', 'Leninsk', '410-773-2483'),
	(69, 'Lorin', 'Dillingham', '2 Blue Bill Park Road', '', 'Kerbuyan', '371-875-3085'),
	(70, 'Enrico', 'Franca', '62 Arizona Junction', '91959 CEDEX', 'Courtaboeuf', '637-277-8768'),
	(71, 'Decca', 'Allgood', '4 Dottie Avenue', '47216', 'Buenavista', '941-148-2843'),
	(72, 'Meyer', 'Capey', '713 Valley Edge Crossing', '33673', 'Tampa', '813-320-1355'),
	(73, 'Mada', 'Cusack', '507 Mendota Parkway', '', 'Cikupa', '402-734-6683'),
	(74, 'Cherie', 'Stoddart', '1407 Fallview Circle', '34-116', 'Bachowice', '331-152-5521'),
	(75, 'Erik', 'Redmille', '3 Farragut Plaza', '', 'Čelinac', '524-418-3757'),
	(76, 'Ruth', 'Matijasevic', '54765 Judy Drive', '', 'Prámanta', '877-253-8756'),
	(77, 'Weidar', 'Todeo', '6 Stone Corner Avenue', '75860-000', 'Quirinópolis', '920-316-1227'),
	(78, 'Nola', 'Durning', '9727 Grasskamp Center', '', 'Shamakhi', '164-142-8959'),
	(79, 'Juliane', 'Freyn', '83 Sunbrook Lane', '10104 CEDEX', 'Romilly-sur-Seine', '878-350-1618'),
	(80, 'Lillis', 'Walbridge', '37092 Granby Drive', '', 'Xiugu', '892-254-2378'),
	(81, 'Leandra', 'Legion', '8667 Sommers Way', '55580-000', 'Sirinhaém', '994-968-1644'),
	(82, 'Matty', 'Fleetwood', '2 Esker Plaza', '', 'Ganzi', '820-904-3919'),
	(83, 'Aurora', 'Freear', '60581 Di Loreto Street', '', 'Cikeusal', '696-649-4820'),
	(84, 'Tobin', 'Reaper', '410 Nobel Circle', '', 'Navariya', '965-305-1830'),
	(85, 'Brenda', 'Thompkins', '50 Sunbrook Crossing', '65765-000', 'Dom Pedro', '423-281-8300'),
	(86, 'Lulita', 'Greenhead', '876 Veith Plaza', '356180', 'Trunovskoye', '427-766-3262'),
	(87, 'Foss', 'Basterfield', '2 Fallview Hill', '5609', 'Buruanga', '616-775-2366'),
	(88, 'Kellia', 'Evequot', '68360 Gateway Parkway', '', 'Ébolowa', '641-282-3846'),
	(89, 'Daune', 'Boardman', '2023 Algoma Alley', '55123', 'Saint Paul', '651-383-6843'),
	(90, 'Rutter', 'Pizey', '3867 Express Trail', '', 'Río Blanquito', '470-532-4454'),
	(91, 'Cynthie', 'Sheivels', '013 Everett Park', 'ZBG', 'Haz-Zebbug', '923-380-0092'),
	(92, 'Alberto', 'Mathivon', '5668 Washington Alley', '', 'Quebrada Larga', '255-947-8971'),
	(93, 'Devin', 'Bleything', '4557 Carioca Court', '5103', 'Agbannawag', '417-980-4534'),
	(94, 'Penelopa', 'Pursglove', '12335 Vera Pass', '', 'Yeghvard', '639-146-3415'),
	(95, 'Norah', 'Muehle', '61859 Shelley Alley', '', 'Texistepeque', '900-522-7992'),
	(96, 'Isa', 'Curlis', '342 Huxley Parkway', '', 'Derbur', '615-369-2400'),
	(97, 'Jethro', 'Ranklin', '18 Melvin Parkway', '', 'Boyu', '531-250-2555'),
	(98, 'Bradley', 'Stubbington', '7 Banding Road', '', 'Qohord-e Bālā', '639-564-5310'),
	(99, 'Giacobo', 'Hufton', '86492 Karstens Trail', '4560-221', 'Vila Verde', '677-173-4786'),
	(100, 'Rufe', 'Hovy', '5 Aberg Avenue', '', 'Lembursawah', '687-408-6132'),
	(101, 'Lavinie', 'M\'cowis', '59 Meadow Valley Court', '', 'Qutun', '474-172-0836'),
	(102, 'Selena', 'Corro', '14 Johnson Alley', '687 65', 'Strání', '993-260-5372'),
	(103, 'Lulu', 'Blevin', '72569 Erie Park', '2329', 'Leiden', '443-413-6670'),
	(104, 'Horst', 'Martinovsky', '7 Vermont Crossing', '', '‘Ajlūn', '208-641-3897'),
	(105, 'Letisha', 'Frizell', '7899 Clyde Gallagher Avenue', '', 'Snizhne', '917-285-3559'),
	(106, 'Lonnard', 'Kiddye', '0538 Starling Road', '', 'Baruny', '929-344-8206'),
	(107, 'Stu', 'Revens', '11 Comanche Point', '', 'Laojie', '542-546-9418'),
	(108, 'Gabriell', 'Wodeland', '02 Acker Hill', '61015 CEDEX', 'Alençon', '362-296-9178'),
	(109, 'Giacomo', 'Rocks', '8 Macpherson Alley', '4181', 'Kaloyanovo', '127-874-7419'),
	(110, 'Chelsea', 'Coughlan', '14 Erie Center', '', 'Hexi', '268-546-4931'),
	(111, 'Leora', 'Antonioni', '12 Dorton Way', '155553', 'Privolzhsk', '488-172-5091'),
	(112, 'Em', 'Lumby', '3 Hanover Crossing', '', 'Danirai', '690-414-3506'),
	(113, 'Abigale', 'Padwick', '0 Goodland Way', '7028', 'Dumingag', '548-430-5818'),
	(114, 'Wilhelm', 'Juszczak', '569 Lukken Court', '', 'Gushi', '306-992-9222'),
	(115, 'Jill', 'Duckworth', '9974 Emmet Lane', '54000-000', 'Jaboatão dos Guararapes', '203-713-0770'),
	(116, 'Carena', 'Belfrage', '261 Bellgrove Lane', '9800', 'Tacurong', '895-479-2183'),
	(117, 'Louisette', 'Klais', '03905 Mallard Park', '', 'Nancheng', '566-125-3967'),
	(118, 'Isaak', 'Skone', '70 Autumn Leaf Circle', '391833', 'Skopin', '736-949-4308'),
	(119, 'Deck', 'Cole', '96972 Carey Point', '2565-245', 'Ribaldeira', '441-386-4175'),
	(120, 'Jyoti', 'Brewett', '2369 Towne Pass', '', 'Belūsovka', '816-747-0555'),
	(121, 'Jordon', 'Dillow', '1 Washington Trail', '330 03', 'Chrást', '284-161-9793'),
	(122, 'Allis', 'Earie', '3654 Ilene Alley', '76124 CEDEX', 'Le Grand-Quevilly', '677-949-8053'),
	(123, 'Hilary', 'Minors', '913 Prairieview Center', '', 'Masjid', '455-108-9874'),
	(124, 'Corrine', 'Renackowna', '255 Oriole Place', '', 'Muye', '423-297-5353'),
	(125, 'Joyann', 'Bousfield', '28 Grim Park', '', 'Bajiao', '217-256-7803'),
	(126, 'Ingeberg', 'Lamputt', '4 Cody Lane', '44830-000', 'Piritiba', '473-970-8691'),
	(127, 'Karina', 'Daltrey', '276 Veith Hill', '', 'Su-dong', '125-740-9614'),
	(128, 'Randell', 'Girardeau', '864 Wayridge Avenue', '90045', 'Los Angeles', '213-770-5764'),
	(129, 'Randee', 'Tomasik', '069 Valley Edge Avenue', '67144 CEDEX', 'Barr', '375-542-5851'),
	(130, 'Liv', 'Lawling', '796 Maple Lane', '', 'Cartí Suitupo', '480-913-1922'),
	(131, 'Mal', 'Gerding', '031 Holmberg Lane', '3930', 'Porsgrunn', '118-833-1951'),
	(132, 'Lise', 'Mustarde', '717 Lawn Place', '66-418', 'Gorzów Wielkopolski', '285-973-7580'),
	(133, 'Neille', 'Treske', '74 Grasskamp Point', '', 'Loyew', '860-841-7214'),
	(134, 'Gunilla', 'Borrott', '71 Autumn Leaf Drive', '', 'Sruki', '252-400-2402'),
	(135, 'Sonny', 'Fashion', '49 Village Way', '', 'Portachuelo', '344-168-9369'),
	(136, 'Jonas', 'Genike', '685 Michigan Place', '45810-000', 'Porto Seguro', '155-401-4092'),
	(137, 'Riannon', 'Windless', '72665 Nevada Center', '', 'Kotaagung', '598-423-1912'),
	(138, 'Asia', 'Ladson', '868 Texas Court', '2329', 'Leiden', '821-635-4140'),
	(139, 'Bordie', 'Rydeard', '9 Lindbergh Avenue', '', 'Liangguang', '740-390-1094'),
	(140, 'Karim', 'Draysay', '1454 West Way', '', 'Warungpeuteuy', '286-305-5923'),
	(141, 'Othilia', 'Ginn', '06 Walton Park', '', 'Kose', '623-244-5677'),
	(142, 'Cleavland', 'Ost', '40 Derek Park', '', 'Ciomas', '312-204-6336'),
	(143, 'Claire', 'Ludford', '358 Schlimgen Crossing', '', 'Jinhua', '557-347-3244'),
	(144, 'Gus', 'Kermeen', '54 Eggendart Crossing', '', 'Longtan', '666-837-3993'),
	(145, 'Tracee', 'Edling', '31919 Nobel Way', '', 'Longhu', '797-965-8028'),
	(146, 'David', 'Whilde', '1 Hovde Plaza', '33514', 'Čačinci', '415-188-3839'),
	(147, 'Skippie', 'Manuelli', '4798 Roxbury Crossing', '', 'Dalan', '666-898-0468'),
	(148, 'Juana', 'MacAlister', '0 Michigan Trail', '', 'Huaguoshan', '378-539-7713'),
	(149, 'Leoine', 'MacClinton', '1197 Artisan Center', '', 'Wŏnju', '894-103-9392'),
	(150, 'Brig', 'Beddon', '7113 American Place', '', 'Banpu', '632-440-3424'),
	(151, 'Shelton', 'Perry', '4 Badeau Center', '72080 CEDEX 9', 'Le Mans', '525-122-9388'),
	(152, 'Langston', 'Beaconsall', '02 Lotheville Center', '', 'Diré', '257-605-7741'),
	(153, 'Addie', 'Pleming', '12435 Paget Way', '5935', 'Villa Ascasubi', '654-675-7363'),
	(154, 'Cody', 'Capelin', '89470 Pleasure Alley', '37-543', 'Laszki', '214-503-8670'),
	(155, 'Fredra', 'Teligin', '83854 Barby Drive', '25556', 'Kuantan', '973-244-6563'),
	(156, 'Matilde', 'Aleksandrev', '14042 Gina Park', 'P5N', 'Kapuskasing', '149-144-6638'),
	(157, 'Burty', 'McGrill', '5 Eastlawn Hill', '79150-000', 'Maracaju', '709-780-7639'),
	(158, 'Reiko', 'Soutar', '57 Arizona Crossing', '95185-000', 'Carlos Barbosa', '104-216-6544'),
	(159, 'Winslow', 'O\'Dwyer', '29323 American Ash Circle', '0130', 'Oslo', '382-851-1545'),
	(160, 'Nichols', 'Danby', '29856 Columbus Center', '', 'Tougan', '190-883-5209'),
	(161, 'Holly', 'Brithman', '96 Hoepker Street', '346050', 'Tarasovskiy', '942-577-9753'),
	(162, 'Hugibert', 'Hammerman', '832 Drewry Trail', '', 'Yingzai', '264-332-3262'),
	(163, 'Cary', 'Hartburn', '3360 Killdeer Place', '92613 CEDEX', 'Clichy', '615-761-5994'),
	(164, 'Channa', 'Else', '27 Center Junction', '509-0307', 'Minokamo', '321-292-0598'),
	(165, 'Rahal', 'Apdell', '9869 Miller Trail', '1000-005', 'Lisboa', '280-428-4769'),
	(166, 'Gabby', 'Lindeman', '81043 1st Avenue', '', 'Huilong', '512-481-7720'),
	(167, 'Eleni', 'Samarth', '1 Corry Park', '', 'Xuanma', '826-959-7433'),
	(168, 'Amalea', 'Poyzer', '98 Granby Trail', '13858 CEDEX 3', 'Vilnius', '536-372-0432'),
	(169, 'Opalina', 'Jarley', '754 Dunning Center', '', 'Donghe', '172-791-6316'),
	(170, 'Gawen', 'Seakin', '73 Gina Crossing', '', 'Ciwaru', '358-150-8972'),
	(171, 'Carolann', 'Poolman', '09 Warbler Road', '3870-306', 'Torreira', '847-940-3490'),
	(172, 'Oliver', 'Oneile', '78 Buell Crossing', '29-100', 'Włoszczowa', '725-791-0586'),
	(173, 'Glen', 'Zouch', '7 Debs Center', '29102 CEDEX', 'Quimper', '391-416-4859'),
	(174, 'Kitty', 'Cockling', '9712 Hudson Point', '', 'Chitungwiza', '818-814-5663'),
	(175, 'Blaine', 'Christoforou', '1 Vera Street', '', 'Gawul', '357-513-3586'),
	(176, 'Valle', 'Wozencraft', '68 Killdeer Circle', '6015', 'Luzern', '815-683-7190'),
	(177, 'Roby', 'Stickland', '7 Clemons Junction', 'J2K', 'Cowansville', '283-640-0230'),
	(178, 'Lay', 'Tarpey', '32608 Spohn Alley', '', 'Dārchulā', '895-532-8679'),
	(179, 'Ted', 'Dewes', '431 Tomscot Parkway', '51700', 'San Miguel', '484-844-5445'),
	(180, 'Jillie', 'Kleine', '062 Dovetail Center', '', 'Changpu', '747-992-1319'),
	(181, 'Benny', 'Moule', '0948 Texas Pass', '', 'Tonga', '577-964-7400'),
	(182, 'Maridel', 'Boultwood', '0575 Knutson Lane', '13990-000', 'Espírito Santo do Pinhal', '894-322-0153'),
	(183, 'Xavier', 'Barkshire', '9 Valley Edge Alley', '', 'Batumi', '882-703-5955'),
	(184, 'Golda', 'Carson', '365 Esker Alley', '', 'Xuefeng', '777-926-0408'),
	(185, 'Lilla', 'Amott', '2797 Lunder Center', '519 81', 'Horred', '711-209-1095'),
	(186, 'Genna', 'Comolli', '252 David Plaza', '', 'Karavan', '274-486-6389'),
	(187, 'Norina', 'Tippler', '11 Eastwood Circle', '5815', 'Lanot', '502-690-4885'),
	(188, 'Fidela', 'Neale', '99 Bluestem Street', '', 'Novoselë', '135-143-5051'),
	(189, 'Binnie', 'Tremaine', '30 Manufacturers Lane', '352560', 'Shedok', '784-119-0090'),
	(190, 'Waring', 'Mayes', '3319 Derek Junction', '', 'Timur', '652-810-3337'),
	(191, 'Josepha', 'Probbing', '678 Mitchell Trail', '366913', 'Yalkhoy-Mokhk', '358-284-2771'),
	(192, 'Lily', 'Larkcum', '122 Gina Way', '', 'Akropong', '946-917-7914'),
	(193, 'Joella', 'MacCaffrey', '24559 Mariners Cove Terrace', '', 'Gongnong', '451-483-3590'),
	(194, 'Nanni', 'Wong', '1674 Arkansas Point', '32-642', 'Włosienica', '902-992-7177'),
	(195, 'Tad', 'Philimore', '32 Hagan Point', '4990-770', 'Passos', '885-731-4175'),
	(196, 'Merrily', 'Goundsy', '7 Eagle Crest Hill', '', 'Niaojin', '723-866-9485'),
	(197, 'Roze', 'Dimock', '080 Debs Place', '', 'Gikongoro', '581-518-9282'),
	(198, 'Sherilyn', 'Grewe', '8 Helena Crossing', '60193', 'Schaumburg', '312-449-7200'),
	(199, 'Lark', 'Cearley', '638 Shoshone Parkway', '6550', 'Tres Arroyos', '757-220-6811'),
	(200, 'Hesther', 'Plaid', '812 Hooker Place', '59-706', 'Gromadka', '989-678-5430'),
	(201, 'Austina', 'Saville', '884 Jenna Center', '', 'Lewoduli', '538-409-9182'),
	(202, 'Alonzo', 'Irving', '79 Pierstorff Circle', '', 'Zudun', '765-998-7098'),
	(203, 'Carmela', 'Horwell', '13115 Carberry Trail', '', 'Horad Smalyavichy', '545-385-7350'),
	(204, 'Earvin', 'Wilmut', '8 Harbort Place', '', 'Kedungharjo', '789-517-8526'),
	(205, 'Violante', 'Pilpovic', '6 Kingsford Circle', '19146', 'Philadelphia', '215-888-6614'),
	(206, 'Frederik', 'McPharlain', '7114 Carberry Parkway', '', 'Lubukgadang', '466-984-7980'),
	(207, 'Heidie', 'Osboldstone', '16 Northfield Court', '', 'Saue', '140-922-0477'),
	(208, 'Julianna', 'Whitewood', '7234 Fairview Lane', '', 'Zhangyang', '390-269-9610'),
	(209, 'Deeyn', 'Corkan', '04963 Commercial Drive', '31205', 'Macon', '478-150-2547'),
	(210, 'Kennett', 'Cobbald', '90 Linden Alley', '', 'Makanya', '617-834-5151'),
	(211, 'Hakim', 'Yablsley', '0104 Troy Terrace', '', 'Diaoling', '559-395-7086'),
	(212, 'Angelico', 'Tichelaar', '00 Bartillon Street', '', 'Sindangsari', '619-239-6837'),
	(213, 'Lindy', 'Dempster', '9 Hermina Court', '051818', 'Angostura', '542-559-5028'),
	(214, 'Hesther', 'Gauler', '1 Union Drive', '', 'Mardīān', '280-520-4125'),
	(215, 'Marne', 'Reiner', '54 Riverside Avenue', '', 'Jinshandian', '713-959-2384'),
	(216, 'Sande', 'Featley', '2 Coleman Hill', '', 'Sacanche', '702-220-2623'),
	(217, 'Rogers', 'Kalf', '42 Walton Way', '11511', 'Nizao', '751-298-9572'),
	(218, 'Purcell', 'Menghi', '737 Talisman Junction', '', 'Haruai', '917-782-3764'),
	(219, 'Raven', 'Vittet', '1 Ridgeway Alley', '', 'Tamansari', '332-934-3572'),
	(220, 'Shaylynn', 'Drakeley', '4 Burning Wood Point', '', 'Gengma', '919-280-6400'),
	(221, 'Mallorie', 'Smellie', '47 Dennis Road', '696 65', 'Petrov', '766-360-3871'),
	(222, 'Alic', 'Sainthill', '84 Moland Trail', '4162', 'Retiro', '406-261-8831'),
	(223, 'Gisella', 'Coade', '0 Eastwood Parkway', '', 'Olocuilta', '654-896-2726'),
	(224, 'Eddi', 'Orford', '497 Continental Way', '', 'Al Majāridah', '230-467-5523'),
	(225, 'Isis', 'Tregoning', '1 Lakeland Plaza', '', 'Bokor', '554-265-0606'),
	(226, 'Trudie', 'Yukhnev', '34 Thompson Trail', 'KCM', 'Kerċem', '629-169-8784'),
	(227, 'Darn', 'Lamcken', '671 Declaration Lane', '', 'Yakymivka', '783-433-6202'),
	(228, 'Baird', 'Beebe', '9 Hovde Road', '', 'Sadananya', '498-746-0918'),
	(229, 'Corina', 'Epton', '3658 Garrison Alley', '', 'Stari Kuty', '193-732-8925'),
	(230, 'Dael', 'Tolcharde', '9 Tennessee Street', '', 'Xinqiao', '656-586-2204'),
	(231, 'Solomon', 'Skill', '7 Washington Place', '9600', 'Senekal', '705-539-8700'),
	(232, 'Kathie', 'Schermick', '7 Katie Park', '', 'Xiasha', '497-332-0559'),
	(233, 'Cahra', 'Brodway', '613 Crescent Oaks Place', '3830-455', 'Costa Nova do Prado', '600-737-0591'),
	(234, 'Carlee', 'Board', '396 Esch Park', '', 'Karangnunggal', '991-453-9172'),
	(235, 'Karyl', 'Pulteneye', '90935 Thompson Drive', '462 36', 'Vänersborg', '613-591-9949'),
	(236, 'Howard', 'Vossgen', '6 Holmberg Terrace', 'MD-5840', 'Mîndreşti', '600-593-9842'),
	(237, 'Mercedes', 'Sloy', '7923 Monterey Lane', '', 'Proptisht', '772-773-2287'),
	(238, 'Sisely', 'Penzer', '37710 Muir Court', '39100', 'Nankāna Sāhib', '821-940-0002'),
	(239, 'Bernadette', 'Elgee', '031 Oxford Trail', 'V7Y', 'West End', '449-607-0145'),
	(240, 'Olga', 'Foxwell', '44757 Springview Point', '', 'Zhishan', '701-657-2868'),
	(241, 'Aluino', 'Smails', '56382 South Hill', '12008', 'Sibinal', '338-865-6939'),
	(242, 'Kalli', 'Gibbins', '17494 David Center', '', 'Xiqiao', '963-569-5816'),
	(243, 'Neddie', 'Fahey', '47209 Welch Terrace', '143 46', 'Vårby', '922-883-6145'),
	(244, 'Sol', 'Baudet', '935 Sycamore Court', '95000', 'Yala', '441-188-1972'),
	(245, 'Godwin', 'Bridgeman', '712 Cordelia Pass', '403060', 'Log', '647-135-8102'),
	(246, 'Cad', 'Espine', '90 Walton Pass', '111 27', 'Stockholm', '374-691-2010'),
	(247, 'Darelle', 'Schiesterl', '3 Boyd Park', '2765-343', 'São Pedro do Estoril', '663-207-2373'),
	(248, 'Judas', 'Presnell', '87 Scoville Road', '', 'Patenongan', '458-360-0672'),
	(249, 'Blake', 'Aspey', '20012 Morningstar Pass', '', 'Balengbeng', '590-497-2448'),
	(250, 'Lexi', 'Vallance', '718 Ohio Place', '', 'Vilnius', '495-505-6990'),
	(251, 'Bondon', 'Ballendine', '4 Grayhawk Point', '', 'Fkih Ben Salah', '812-664-7747'),
	(252, 'Shaylyn', 'Vennart', '9908 Division Pass', '', 'Zhushan', '804-356-8555'),
	(253, 'Drona', 'Cromar', '282 Express Park', '6276', 'Sv. Anton', '533-864-3503'),
	(254, 'Teriann', 'Vines', '98 Johnson Center', '', 'Fuding', '974-427-0544'),
	(255, 'Sylas', 'Winser', '9578 Springview Trail', '', 'Aleksandrovka', '587-856-4292'),
	(256, 'Rad', 'Jonah', '9 Porter Court', '', 'Bugarama', '540-300-0810'),
	(257, 'Alair', 'Magowan', '96 Mayer Parkway', '', 'Dŭstí', '493-670-1271'),
	(258, 'Patric', 'McGeouch', '51 Westridge Drive', '', 'Xinrong', '679-540-3459'),
	(259, 'Walt', 'Millichip', '90616 Spohn Plaza', '', 'Bala Murghab', '261-251-0158'),
	(260, 'Nissy', 'Hawgood', '19399 Sunfield Road', '', 'Gongju', '363-611-9541'),
	(261, 'Winfred', 'Spry', '68359 Blackbird Way', '', 'Yamethin', '416-269-0565'),
	(262, 'Tracie', 'Swynfen', '7757 Green Plaza', '', 'Vilnius', '627-132-1497'),
	(263, 'Joe', 'Trudgion', '1 Reinke Crossing', '798 43', 'Ptení', '143-869-1778'),
	(264, 'Kirstin', 'Apfel', '0 Alpine Hill', '', 'Ujmisht', '794-971-3342'),
	(265, 'Briny', 'McAlpine', '6 Becker Center', '6254', 'Oslomej', '549-538-1445'),
	(266, 'Osbourne', 'Curnok', '57 Hanover Court', '', 'Gashua', '423-750-2058'),
	(267, 'Jessee', 'Balme', '5 Tennessee Avenue', '169635', 'Emar', '846-574-9801'),
	(268, 'Dirk', 'Cawley', '35978 Meadow Ridge Hill', 'F94', 'Kinlough', '780-362-0184'),
	(269, 'Jelene', 'Firman', '7 Onsgard Point', '', 'Đình Lập', '286-133-2941'),
	(270, 'Tailor', 'Vedntyev', '98 Goodland Junction', '7108', 'Sergio Osmeña Sr', '365-436-5079'),
	(271, 'Bastian', 'Klimushev', '0 Scott Parkway', '2205', 'Kongsvinger', '952-372-4826'),
	(272, 'Vicky', 'Dellit', '50 Service Place', '382 43', 'Nybro', '725-280-3913'),
	(273, 'Lorrie', 'Dodridge', '0180 Meadow Vale Center', '7662', 'Sitovo', '429-615-5048'),
	(274, 'Jeanie', 'Woodroofe', '9 Upham Park', '', 'Pandat', '556-406-4051'),
	(275, 'Gabie', 'Aizkovitch', '911 Springview Plaza', '97570-000', 'Santana do Livramento', '477-449-8149'),
	(276, 'Kimmie', 'Theurer', '72630 Becker Center', '33394 CEDEX', 'Blaye', '621-795-9182'),
	(277, 'Osbourne', 'Cobbin', '8056 Longview Plaza', 'T34', 'Piltown', '146-191-7722'),
	(278, 'Jaquenette', 'Alsop', '9850 Hayes Avenue', '', 'Nyala', '388-981-8638'),
	(279, 'Richardo', 'Vickors', '65434 Chinook Junction', '677904', 'Magan', '508-500-4814'),
	(280, 'Blinni', 'Hudspeth', '448 Anhalt Junction', 'Y25', 'Gorey', '424-194-1273'),
	(281, 'Orly', 'Scriver', '687 Dryden Trail', '', 'Fengshan', '191-331-8117'),
	(282, 'Victoria', 'Yorke', '388 Morrow Road', '', 'Xinshan', '521-181-1500'),
	(283, 'Barde', 'Edmed', '665 Moulton Pass', '10801', 'Jarabacoa', '389-392-0463'),
	(284, 'Wait', 'Blick', '091 Mcbride Hill', '', 'Kokterek', '104-261-9668'),
	(285, 'Lance', 'Matlock', '659 Heath Alley', '', 'Kibiti', '418-699-0036'),
	(286, 'Bamby', 'Antonomoli', '62992 Ramsey Court', '', 'Kombandaru', '148-454-9916'),
	(287, 'Friederike', 'Reddick', '0107 Sycamore Junction', '', 'Horodyshche', '461-822-6846'),
	(288, 'Mora', 'Rubery', '5 Commercial Trail', '', 'Bulakgebang', '852-969-4804'),
	(289, 'Mickie', 'Cooper', '07201 Carey Street', '', 'Bull Savanna', '467-852-7175'),
	(290, 'Verile', 'Pee', '847 Arizona Plaza', '', 'Mudanjiang', '314-378-5900'),
	(291, 'Benjie', 'Sinclaire', '22870 Ryan Pass', '6320-475', 'Torre', '235-804-9424'),
	(292, 'Charis', 'Rousel', '35 Cordelia Pass', '75104 CEDEX 02', 'Paris 02', '945-145-5599'),
	(293, 'Arlena', 'Darrow', '0006 Pond Road', '', 'Pule', '656-753-4447'),
	(294, 'Sayers', 'McKomb', '560 Buena Vista Center', '', 'Bồng Sơn', '811-930-6959'),
	(295, 'Kelly', 'Sultan', '98 Lotheville Way', '5224', '\'s-Hertogenbosch', '815-839-1493'),
	(296, 'Toma', 'Leveritt', '433 Luster Center', '60150', 'Lat Yao', '296-662-9183'),
	(297, 'Catie', 'Niblock', '9 Brentwood Place', '', 'Gemblengmulyo', '434-432-4349'),
	(298, 'Niki', 'Gilberthorpe', '7 Eliot Avenue', '', 'Xylotymbou', '447-279-7439'),
	(299, 'Bank', 'Bounde', '993 Truax Parkway', '', 'Qingu', '571-201-0718'),
	(300, 'North', 'Start', '8 High Crossing Road', '8340', 'Zapala', '842-440-0234'),
	(301, 'Zulema', 'De Beneditti', '5159 Stephen Court', '', 'Medveđa', '838-475-1541'),
	(302, 'Corine', 'Pietsma', '909 3rd Court', '23285', 'Richmond', '804-901-7756'),
	(303, 'Cassandre', 'Aucott', '1 Sherman Avenue', '', 'Zhalinghu', '688-453-2635'),
	(304, 'Maureen', 'LaBastida', '1736 Novick Junction', '', 'Pepayan', '857-958-2348'),
	(305, 'Christy', 'MacClay', '3654 Cottonwood Plaza', '51000', 'Lamphun', '903-221-1731'),
	(306, 'Ellynn', 'Stone', '0598 Warbler Junction', '241904', 'Bryansk', '643-675-0150'),
	(307, 'Kenton', 'Durston', '63773 American Point', '', 'Kihurio', '312-105-2147'),
	(308, 'Phaedra', 'Mortimer', '1494 Anderson Street', '', 'Pendembu', '368-196-9689'),
	(309, 'Kevan', 'Welton', '5196 Mesta Point', '', 'Camabatela', '345-700-7387'),
	(310, 'Gabriel', 'Spensley', '969 Comanche Trail', '188855', 'Pervomayskoye', '556-554-2467'),
	(311, 'Filia', 'Cattenach', '999 Novick Way', '2600-771', 'São João dos Montes', '191-608-4976'),
	(312, 'Nanice', 'Catton', '643 Loftsgordon Point', '', 'Troyits’ke', '718-644-1725'),
	(313, 'Luce', 'Peirson', '61352 Del Mar Drive', '', 'Sambogunung', '307-559-9473'),
	(314, 'Filippo', 'Pomphrett', '89 Eliot Court', '', 'Duantan', '975-303-4864'),
	(315, 'Morris', 'Flowerden', '56 Reindahl Alley', '', 'Xinan', '399-718-8945'),
	(316, 'Vern', 'Perrott', '469 Northland Plaza', '365-0024', 'Okegawa', '545-516-1539'),
	(317, 'Rad', 'Bazelle', '39251 Everett Drive', '', 'Sumberpucung', '946-110-4976'),
	(318, 'Finley', 'Linne', '861 Corry Drive', '', 'Baucau', '727-358-4147'),
	(319, 'Agatha', 'Ponder', '73 Shoshone Court', '6537', 'Villaba', '371-833-5600'),
	(320, 'Harry', 'Georgeot', '0563 Novick Center', '1681', 'Pangpang', '414-765-9672'),
	(321, 'Sheffy', 'Revan', '0 Barby Park', '33-158', 'Szynwałd', '891-463-7547'),
	(322, 'Dalenna', 'Marchington', '3648 East Court', '12104 CEDEX', 'Millau', '164-864-7038'),
	(323, 'Royall', 'Ivanchin', '03 Atwood Plaza', '', 'Zhuravka', '962-705-3349'),
	(324, 'Madelaine', 'Figure', '3 Mariners Cove Parkway', 'N6J', 'Alma', '397-844-4285'),
	(325, 'Ada', 'Simkin', '0507 Donald Alley', '', 'Nanjing', '873-161-1493'),
	(326, 'Thurstan', 'Osmant', '2260 Reinke Center', '3249', 'Sandefjord', '164-762-2930'),
	(327, 'Janessa', 'Yepiskopov', '6 Mesta Plaza', '', 'Lin’an', '694-994-4342'),
	(328, 'Christoforo', 'Shalloe', '8 Lillian Road', '', 'Yixi', '814-459-7866'),
	(329, 'Lucky', 'Balhatchet', '73365 Becker Pass', '', 'Turba', '953-586-6099'),
	(330, 'Morna', 'Spawforth', '58 Havey Street', '', 'Yangmaogong', '793-914-7113'),
	(331, 'Corabelle', 'Biddy', '3292 Claremont Avenue', '', 'Nyeri', '952-119-0286'),
	(332, 'Jerald', 'Bunworth', '6500 Scofield Point', '', 'Quận Phú Nhuận', '848-503-5566'),
	(333, 'Aridatha', 'Deporte', '3 Sugar Pass', '582 31', 'Okrouhlice', '985-924-2946'),
	(334, 'Quinn', 'Giovanardi', '27 Butterfield Parkway', '34-211', 'Palcza', '466-200-8382'),
	(335, 'Timmy', 'Donner', '1 Hovde Hill', '', 'Anyar', '155-289-8458'),
	(336, 'Buffy', 'Branni', '6187 Rowland Pass', '', 'Jungkat Selatan', '154-920-3675'),
	(337, 'Rayshell', 'Wadlow', '86 Birchwood Alley', '1213', 'Australia Square', '288-961-6543'),
	(338, 'Dana', 'Kasman', '613 Village Green Hill', '', 'Tonga', '748-977-3794'),
	(339, 'Adriano', 'Rodolphe', '79720 Tomscot Point', '1630', 'Upi', '125-558-5735'),
	(340, 'Nicolle', 'Kattenhorn', '0 Morningstar Avenue', '3508', 'Utabi', '291-306-3345'),
	(341, 'Nan', 'Inman', '9 Kim Alley', '63-001', 'Środa Wielkopolska', '714-125-4996'),
	(342, 'Victoir', 'Piatti', '5076 Nova Alley', '5895', 'Bergen', '307-744-2052'),
	(343, 'Eduardo', 'Janicijevic', '640 Shoshone Street', '', 'Succha', '664-267-6498'),
	(344, 'Kristoffer', 'Mannock', '012 New Castle Circle', '', 'Liuyuan', '247-251-1637'),
	(345, 'Rowen', 'Bellwood', '33 Porter Junction', '403 13', 'Göteborg', '260-109-9030'),
	(346, 'Aland', 'Aleksich', '46579 Dakota Lane', '', 'Wugong', '558-764-7905'),
	(347, 'Rennie', 'Dudmesh', '559 Superior Center', '33515', 'Orahovica', '334-415-5666'),
	(348, 'Theodor', 'Alekseev', '675 Eastwood Place', 'N9A', 'Burgeo', '524-687-8882'),
	(349, 'Vera', 'Cassells', '57 Oak Road', '646400', 'Olenegorsk', '524-706-7667'),
	(350, 'Rabi', 'Smolan', '8 Northland Place', 'K4K', 'Lions Bay', '779-385-3578'),
	(351, 'Imogene', 'Curley', '65 Farwell Hill', '871-0921', 'Buzen', '142-303-0309'),
	(352, 'Cass', 'Gunning', '38778 Glendale Court', '3640', 'Yakimovo', '454-318-0277'),
	(353, 'Evin', 'Spurett', '0 Sauthoff Trail', '92974 CEDEX', 'Paris La Défense', '131-596-3896'),
	(354, 'Marthe', 'Nash', '50 Mccormick Park', 'T5G', 'Niverville', '617-167-3543'),
	(355, 'Oswell', 'Aitkin', '3 Gulseth Alley', '', 'Mekarsari', '387-527-7594'),
	(356, 'Nita', 'Poltone', '91 Merrick Center', '', 'Shashemenē', '669-289-5978'),
	(357, 'Kevina', 'Ludmann', '0792 Dottie Trail', '40320', 'Phra Yuen', '233-877-2077'),
	(358, 'Gordy', 'Herche', '06 Hoard Park', '9498', 'Harstad', '130-355-8494'),
	(359, 'Kayla', 'Grossier', '1 Tomscot Parkway', '', 'Welibo', '764-542-8786'),
	(360, 'Quincey', 'Lucio', '6644 Logan Terrace', '1291', 'Škofljica', '805-350-3389'),
	(361, 'Doro', 'Tettley', '710 Fairview Drive', '83-110', 'Lisewo Malborskie', '643-740-6187'),
	(362, 'Ashley', 'Van Leijs', '23 Boyd Drive', '75609 CEDEX 12', 'Paris 12', '680-353-4332'),
	(363, 'Bordie', 'Dudden', '854 Waubesa Street', '45585-000', 'Itagibá', '240-528-1071'),
	(364, 'Constantine', 'Nodes', '59091 Eastwood Point', '366609', 'Valerik', '986-865-7518'),
	(365, 'Rafa', 'Crocombe', '7 Corben Court', '75374 CEDEX 08', 'Paris 08', '726-657-2996'),
	(366, 'Archibold', 'Dillimore', '71102 Southridge Plaza', '', 'Cabudare', '892-250-2946'),
	(367, 'Naomi', 'Malatalant', '6857 Glendale Point', '', 'Bardaskan', '415-798-7554'),
	(368, 'Allianora', 'Magwood', '1272 Colorado Court', '36670', 'Mobile', '251-686-2846'),
	(369, 'Rina', 'Merigon', '754 Union Crossing', '7005', 'Kabasalan', '409-304-3233'),
	(370, 'Farah', 'Adrianello', '8 Fieldstone Street', '387 95', 'Köpingsvik', '393-612-8987'),
	(371, 'Orren', 'Bertolaccini', '11699 Hanson Terrace', '', '城郊', '837-723-0716'),
	(372, 'Niccolo', 'Croy', '5 Trailsway Crossing', '', 'Takāb', '785-123-4381'),
	(373, 'Elinor', 'Ralls', '1 Lindbergh Trail', '', 'Kaesŏng', '876-866-7132'),
	(374, 'Ralf', 'Ciccottini', '49 Prairieview Junction', '', 'Chuanpu', '450-990-1392'),
	(375, 'Angel', 'Musgrove', '756 Arkansas Road', '', 'Forécariah', '844-109-0779'),
	(376, 'Charmain', 'Charnick', '3215 Quincy Point', '24900-000', 'Maricá', '465-997-0463'),
	(377, 'Amabel', 'Gaskin', '849 Portage Terrace', '76404 CEDEX', 'Fécamp', '622-273-8969'),
	(378, 'Cherlyn', 'Bletcher', '627 Fuller Place', '11806', 'Santo Domingo Este', '237-163-1627'),
	(379, 'Robin', 'Elfes', '9 Becker Terrace', '2970-182', 'Zambujal', '383-320-0949'),
	(380, 'Stafani', 'Leemans', '3 Schlimgen Parkway', '153047', 'Guayatá', '841-385-8717'),
	(381, 'Tedie', 'Bockh', '98 Northland Point', '2515', 'Bacnotan', '970-892-6866'),
	(382, 'Alfie', 'Fishleigh', '077 Huxley Way', '', 'Ainaži', '193-943-9645'),
	(383, 'Nicolina', 'Banister', '76806 Park Meadow Trail', '', 'Naranjal', '291-893-2410'),
	(384, 'Valeda', 'Rising', '5 5th Point', '21041', 'Batgrām', '437-768-6538'),
	(385, 'Mattie', 'Kibbe', '5354 Haas Terrace', '97540-000', 'Alegrete', '934-178-4741'),
	(386, 'Bridie', 'Davidescu', '5423 Twin Pines Center', '5688', 'East London', '652-931-0634'),
	(387, 'Grier', 'Janaway', '0 Carpenter Way', '95319 CEDEX', 'Cergy-Pontoise', '288-542-5429'),
	(388, 'Boyd', 'Richard', '583 Ludington Avenue', '4950-770', 'Pereira', '943-449-4340'),
	(389, 'Izaak', 'Petrazzi', '7 Badeau Court', '', 'Pasar Kidul', '821-390-4122'),
	(390, 'Barney', 'Walkowski', '03998 Graedel Lane', '', 'San José', '828-131-7249'),
	(391, 'Alidia', 'Erni', '43950 Shoshone Plaza', '62070 CEDEX 9', 'Arras', '725-300-5724'),
	(392, 'Cobby', 'Carletti', '8 Sheridan Parkway', '', 'Remas', '939-296-9536'),
	(393, 'Valentine', 'Gorgler', '8188 Packers Alley', '', 'Santa Rita', '123-580-6039'),
	(394, 'Huntlee', 'Calabry', '838 Fairview Hill', '1433', 'Radeče', '305-430-0937'),
	(395, 'Delmer', 'Gwin', '61 Superior Trail', '141662', 'Troparëvo', '379-775-9111'),
	(396, 'Jan', 'Habeshaw', '193 Village Place', '50933', 'Kuala Lumpur', '963-824-2914'),
	(397, 'Jarvis', 'Fairtlough', '4914 Summit Hill', '628250', 'Pionerskiy', '635-832-6643'),
	(398, 'Briney', 'Matteo', '0 Village Plaza', '147 00', 'Hodkovičky', '793-885-4190'),
	(399, 'Tori', 'Triplett', '5 Knutson Crossing', '', 'Yongfeng', '646-841-2609'),
	(400, 'Lilias', 'Risson', '0 Porter Drive', '', 'Meikeng', '497-210-2352'),
	(401, 'Hannie', 'I\'anson', '563 Gale Court', '4205', 'Laprida', '362-799-6807'),
	(402, 'Brion', 'Cancelier', '249 Hoffman Alley', '', 'Jiucheng', '995-588-0060'),
	(403, 'Stacee', 'Dobbs', '969 Helena Pass', '', 'Belsh', '413-385-5911'),
	(404, 'Melanie', 'Fletham', '563 Emmet Road', '', 'Yarumela', '168-131-2609'),
	(405, 'Kaspar', 'Thicking', '84402 Shasta Court', '71024 CEDEX 9', 'Mâcon', '824-553-3754'),
	(406, 'Miran', 'Gouldstone', '15 Bunting Center', '', 'Tianning', '344-785-9714'),
	(407, 'Elaine', 'Antonik', '6 Graceland Road', '2840-044', 'Farinheiras', '925-652-7522'),
	(408, 'Kamillah', 'Lintot', '6 Eliot Plaza', '32001', 'Zarasai', '225-189-2925'),
	(409, 'Kerry', 'Klambt', '42 Vermont Parkway', '', 'Radenka', '990-335-8431'),
	(410, 'Kelsi', 'Stening', '8 Shopko Pass', '664 52', 'Sokolnice', '951-576-8911'),
	(411, 'Kandy', 'Scadding', '215 Hermina Street', '88109 CEDEX', 'Saint-Dié-des-Vosges', '764-805-2880'),
	(412, 'Rhody', 'Whitefoot', '366 Cascade Parkway', '5972', 'Río Segundo', '144-374-8734'),
	(413, 'Paulie', 'Bachshell', '155 Carberry Drive', '', 'Sungaigerong', '567-696-6643'),
	(414, 'Marie', 'Fronsek', '923 Sauthoff Street', 'T0P', 'Okanagan', '893-241-9830'),
	(415, 'Roger', 'Botterill', '1235 Weeping Birch Circle', '14240-000', 'Cajuru', '917-531-9916'),
	(416, 'Quintin', 'Sor', '327 Homewood Way', '33190', 'Yang Chum Noi', '441-423-4117'),
	(417, 'Teddi', 'Ackred', '14554 Clarendon Center', '', 'Sabirabad', '777-106-4567'),
	(418, 'Anne-marie', 'Spriggin', '5409 Bonner Circle', '', 'Mingcheng', '620-630-5302'),
	(419, 'Catherina', 'Merrien', '933 Service Terrace', '', 'Durrës', '271-863-9830'),
	(420, 'Zelda', 'Stubbeley', '899 Towne Place', '', 'Shentang', '929-538-5725'),
	(421, 'Adara', 'Shawl', '4 Northwestern Hill', '80279', 'Denver', '303-923-0682'),
	(422, 'Maris', 'Woodyear', '00022 8th Court', '79051', 'Mehrābpur', '912-817-0560'),
	(423, 'Fidelia', 'Stapforth', '9 Cascade Terrace', '', 'Andkhōy', '314-580-1502'),
	(424, 'Cher', 'Dumberell', '30499 Sugar Junction', '', 'Warungpeuteuy', '244-871-8628'),
	(425, 'Abdul', 'Stracey', '77142 Spohn Park', '453 41', 'Lysekil', '944-836-8344'),
	(426, 'Luella', 'Gionettitti', '2116 Texas Lane', '', 'Chambas', '979-468-7437'),
	(427, 'Collete', 'Simonsen', '3342 Summerview Pass', '64-800', 'Chodzież', '744-915-8433'),
	(428, 'Elie', 'Faltin', '074 Linden Point', 'E7M', 'Woodstock', '934-868-6729'),
	(429, 'Laure', 'Hernik', '9 Russell Circle', '739 97', 'Hrádek', '416-378-1437'),
	(430, 'Jay', 'Gershom', '181 Erie Lane', '', 'Hongshan', '440-276-9546'),
	(431, 'Ricardo', 'Rennenbach', '68294 Algoma Street', '242750', 'Dubrovka', '912-706-0536'),
	(432, 'Chryste', 'Gres', '2 American Circle', '', 'Xinji', '987-600-6301'),
	(433, 'Heda', 'Gokes', '1063 Lakeland Junction', '13867 CEDEX 9', 'Vitrolles', '323-316-2704'),
	(434, 'Loni', 'Oldis', '7198 Bunker Hill Place', '', 'Nioro du Rip', '604-166-0599'),
	(435, 'Jarrad', 'O\'Dunniom', '1 Kenwood Lane', '', 'Tanggu', '333-727-3693'),
	(436, 'Kippie', 'Pietrasik', '0678 Sheridan Pass', '637-0404', 'Ishikari', '220-464-4326'),
	(437, 'Amalia', 'Zmitruk', '94784 Longview Lane', '2970-079', 'Corredoura', '415-840-2882'),
	(438, 'Henri', 'Molfino', '536 Stoughton Avenue', '', 'Jalinan', '843-847-7190'),
	(439, 'Glad', 'Powles', '2 Golf Center', '590 73', 'Ljungsbro', '260-334-4734'),
	(440, 'Sherwin', 'Fautly', '31 Melrose Road', '', 'Guanyang', '799-918-2787'),
	(441, 'Daphna', 'Bolus', '1 Glacier Hill Parkway', '', 'Shiniu', '963-835-9399'),
	(442, 'Celka', 'Tylor', '21873 Hintze Crossing', '', 'Gudauta', '374-943-8994'),
	(443, 'Harriett', 'Lanigan', '170 Westend Road', '', 'Fuvahmulah', '572-639-3490'),
	(444, 'Annabela', 'Horrigan', '174 Shelley Lane', '', 'Pangkungparuk', '533-900-1459'),
	(445, 'Carolan', 'Tilio', '88374 Veith Drive', '', 'Duwakbuter', '370-764-8163'),
	(446, 'Gasper', 'Brame', '73 Commercial Parkway', '', 'Kamárai', '695-952-2933'),
	(447, 'Lewes', 'Stenning', '43 Sunnyside Way', '', 'Sotomayor', '825-412-8156'),
	(448, 'Sonni', 'Wetherby', '7944 Darwin Alley', '72595', 'San Miguel', '116-123-1449'),
	(449, 'Benedikta', 'Yorkston', '03436 Wayridge Terrace', '', 'Meukek', '549-191-0138'),
	(450, 'Miguel', 'Filimore', '13 Milwaukee Center', '', 'Victoria', '396-146-7358'),
	(451, 'Benjamen', 'Paiton', '7 Main Point', '', 'Garmeh', '288-926-1083'),
	(452, 'Alisun', 'Danzelman', '24472 Merrick Park', '', 'Bāqim as Sūq', '643-145-9155'),
	(453, 'Livvyy', 'Shrubshall', '11545 East Parkway', '', 'Molodohvardiys’k', '679-474-2650'),
	(454, 'Ty', 'Lepick', '9694 Meadow Valley Road', '58-402', 'Kamienna Góra', '381-907-1106'),
	(455, 'Annaliese', 'Gibling', '2998 Hazelcrest Park', '38-700', 'Ustrzyki Dolne', '915-226-9467'),
	(456, 'Tonie', 'Oakeshott', '3082 Veith Road', '', 'Dalang', '562-558-2421'),
	(457, 'Violante', 'Toffalo', '436 Tennessee Parkway', '854019', 'Maní', '582-115-6171'),
	(458, 'Ruprecht', 'Linde', '5 Sunnyside Plaza', '34-471', 'Lasek', '706-204-6546'),
	(459, 'Claiborn', 'Cluney', '8 Carpenter Terrace', '', 'Vilnius', '688-611-0342'),
	(460, 'Nikolos', 'Scholl', '1981 Sullivan Center', '2420-267', 'Carrasqueira', '285-127-5084'),
	(461, 'Mitzi', 'Heathfield', '613 Ryan Court', '35815', 'Huntsville', '256-218-3827'),
	(462, 'Jeanne', 'Gilham', '1 Rowland Place', '992-0351', 'Takahata', '420-156-5911'),
	(463, 'Susi', 'Bolingbroke', '49805 Heffernan Park', '13-306', 'Kurzętnik', '812-734-8781'),
	(464, 'Thornton', 'Drawmer', '13 Superior Way', '4874', 'Etten-Leur', '340-425-2852'),
	(465, 'Alla', 'Hardaway', '3 Reinke Park', '', 'Pueblo Nuevo', '403-590-2531'),
	(466, 'Celesta', 'Darnbrook', '1 Vahlen Terrace', '', 'Mykolayiv', '523-731-5099'),
	(467, 'Dottie', 'Loveguard', '90828 Lighthouse Bay Hill', '7008', 'Payao', '420-242-0521'),
	(468, 'Dag', 'Hansana', '35816 Cherokee Circle', '745 38', 'Enköping', '325-122-2711'),
	(469, 'Jany', 'Scuse', '7 Mandrake Way', '', 'Suileng', '733-633-3994'),
	(470, 'Leontyne', 'Honeywood', '9169 Farragut Place', '51571 CEDEX 2', 'Reims', '524-903-9185'),
	(471, 'Jeanine', 'Cragoe', '6 5th Crossing', '', 'Ouani', '114-947-3968'),
	(472, 'Aguste', 'Trowle', '31319 Duke Junction', '', 'Puerto Padre', '258-628-8603'),
	(473, 'Koral', 'Ralton', '244 Homewood Hill', '51016', 'San Francisco', '636-688-2844'),
	(474, 'Bil', 'Kochl', '1 Novick Pass', '18680-000', 'Lençóis Paulista', '951-182-5672'),
	(475, 'Bobine', 'Torrese', '09159 Susan Plaza', '33036 CEDEX', 'Bordeaux', '606-578-0827'),
	(476, 'Iormina', 'Lambotin', '774 Leroy Junction', '', 'Dianqian', '703-666-4083'),
	(477, 'Brook', 'Panswick', '0 Nevada Street', '', 'Darma', '982-962-8077'),
	(478, 'Stefan', 'Faccini', '9851 Dwight Center', '', 'Yinchuan', '331-750-2464'),
	(479, 'Venita', 'Haythorne', '25030 Saint Paul Center', '628408', 'Surgut', '348-185-1324'),
	(480, 'Bellina', 'Forster', '118 Jenifer Plaza', '', 'Wajir', '435-312-1984'),
	(481, 'Hedy', 'Keaves', '17 Green Ridge Lane', '851 00', 'Sundsvall', '273-997-1795'),
	(482, 'Cayla', 'Cronkshaw', '10142 Vera Junction', '2727', 'Bantay', '688-954-6618'),
	(483, 'Kaylil', 'Lossman', '489 Scofield Lane', '429337', 'Kanash', '415-539-4874'),
	(484, 'Bendicty', 'Beldham', '2 Carpenter Lane', '', 'Alikalia', '260-149-8447'),
	(485, 'Atlante', 'Sacco', '3895 5th Park', '64525-000', 'Várzea Grande', '701-548-1463'),
	(486, 'Babita', 'Doerffer', '444 Erie Parkway', '', 'Yumbe', '903-283-6783'),
	(487, 'Hershel', 'Papa', '89 Warbler Place', '', 'Ismailia', '421-307-0224'),
	(488, 'Raoul', 'Reinhart', '68 Schiller Court', '', 'Maji', '657-543-2630'),
	(489, 'Leyla', 'Gomme', '820 Jenifer Point', '', 'Jialu', '543-579-0188'),
	(490, 'Margaux', 'Delacoste', '3979 Westerfield Place', '59320', 'Lodhrān', '738-209-1190'),
	(491, 'Jarred', 'Beynon', '5383 Lakeland Park', '423371', 'Sarmanovo', '392-286-5905'),
	(492, 'Town', 'O\'Lyhane', '3022 Holy Cross Alley', '8427', 'San Jose', '172-474-2332'),
	(493, 'Chance', 'Mothersole', '6207 Lakewood Road', '169270', 'Usogorsk', '704-864-3552'),
	(494, 'Pepillo', 'Klimus', '19397 Rigney Pass', '', 'Leigongmiao', '334-347-1663'),
	(495, 'Bradly', 'Quinevan', '32 Doe Crossing Hill', '423190', 'Novosheshminsk', '556-233-3974'),
	(496, 'Cleavland', 'Downage', '6552 Carberry Point', '', 'Kamionka Strumitowa', '685-758-8924'),
	(497, 'Jarib', 'Lloyd', '9 Mcbride Street', '', 'Taobei', '969-680-1791'),
	(498, 'Sarge', 'Dommett', '47920 Oxford Drive', '53260', 'Brinje', '850-939-9468'),
	(499, 'Audrie', 'Mcasparan', '67 Jackson Parkway', '701 43', 'Örebro', '276-535-1489'),
	(500, 'Sebastiano', 'Ellingham', '22 Forster Circle', '', 'Jintang', '243-898-4888'),
	(501, 'Edithe', 'Naylor', '62465 Nelson Plaza', '17690-000', 'Bastos', '471-818-5676'),
	(502, 'Alf', 'Itzhayek', '279 West Terrace', '', 'Sunbu', '791-768-5833'),
	(503, 'Dian', 'Atheis', '88695 Birchwood Junction', '368560', 'Novokayakent', '907-200-1251'),
	(504, 'Dukey', 'Smorthit', '501 Becker Hill', '2503', 'San Eugenio', '645-187-4372'),
	(505, 'Myrilla', 'Shackel', '82 Artisan Center', '187642', 'Boksitogorsk', '846-547-6898'),
	(506, 'Giacomo', 'Hallt', '6767 Forest Dale Point', '10257', 'Zadvorsko', '209-972-8165'),
	(507, 'Richardo', 'Hyndman', '5 Graedel Place', '57000', 'Pattani', '654-695-2597'),
	(508, 'Bartel', 'Orchart', '47 Pawling Point', '', 'Bator', '248-717-6839'),
	(509, 'Miguela', 'Flaubert', '015 Portage Center', 'D04', 'Booterstown', '652-118-7463'),
	(510, 'Tades', 'Hallock', '4 Debra Hill', '453430', 'Vilnius', '632-747-1153'),
	(511, 'Donavon', 'Sculley', '59 Texas Hill', '', 'Sumbersarikrajan', '185-794-7487');
/*!40000 ALTER TABLE `client` ENABLE KEYS */;

-- Dumping structure for table festo_homework.designer
CREATE TABLE IF NOT EXISTS `designer` (
  `id` int(11) NOT NULL AUTO_INCREMENT,
  `name` varchar(255) NOT NULL,
  `code` varchar(255) NOT NULL,
  PRIMARY KEY (`id`)
) ENGINE=InnoDB AUTO_INCREMENT=30 DEFAULT CHARSET=utf8;

-- Dumping data for table festo_homework.designer: ~29 rows (approximately)
/*!40000 ALTER TABLE `designer` DISABLE KEYS */;
INSERT INTO `designer` (`id`, `name`, `code`) VALUES
	(1, 'Coco Chanel', '1200'),
	(2, 'Dona Karan', '1201'),
	(3, 'Giorgio Armani', '1202'),
	(4, 'Calvin Klein', '1203'),
	(5, 'Donatella Versace', '1204'),
	(6, 'Ralph Lauren', '1205'),
	(7, 'Tom Ford', '1206'),
	(8, 'Christian Dior', '7777'),
	(9, 'Pierre Cardin', '7778'),
	(10, 'Yves Saint Laurent', '1207'),
	(11, 'Christian Louboutin', '1208'),
	(12, 'Karl Lagerfeld', '1209'),
	(13, 'Roberto Cavalli', '1210'),
	(14, 'Marc Jacobs', '7779'),
	(15, 'Rammstein', '7780'),
	(16, 'Sandy Powell', '7781'),
	(17, 'Domenico Dolce', '1211'),
	(18, 'Stefano Gabbana', '1212'),
	(19, 'Alexander McQueen', '1213'),
	(20, 'Valentino Garavani', '7782'),
	(21, 'Miuccia Prada', '7783'),
	(22, 'Tommy Hilfiger', '7784'),
	(23, 'Carolina Herrera', '7785'),
	(24, 'Jean Paul Gaultier', '1255'),
	(25, 'Herve Leger', '1214'),
	(26, 'Stella McCartney', '9999'),
	(27, 'Ralph Rucci', '9998'),
	(28, 'Salvatori  Ferragamo', '9997'),
	(29, 'Jimmy Choo', '9996');
/*!40000 ALTER TABLE `designer` ENABLE KEYS */;

-- Dumping structure for table festo_homework.order
CREATE TABLE IF NOT EXISTS `order` (
  `id` int(11) NOT NULL,
  `client_id` int(11) NOT NULL,
  `order_date` varchar(50) NOT NULL,
  `full_amount` decimal(10,2) NOT NULL,
  `tax` decimal(10,2) NOT NULL,
  `amount_before_tax` decimal(10,2) NOT NULL,
  PRIMARY KEY (`id`),
  KEY `clientid` (`client_id`),
  CONSTRAINT `clientid` FOREIGN KEY (`client_id`) REFERENCES `client` (`ID`)
) ENGINE=InnoDB DEFAULT CHARSET=utf8;

-- Dumping data for table festo_homework.order: ~30 rows (approximately)
/*!40000 ALTER TABLE `order` DISABLE KEYS */;
INSERT INTO `order` (`id`, `client_id`, `order_date`, `full_amount`, `tax`, `amount_before_tax`) VALUES
	(1, 9, '2018-10-03', 668.70, 133.74, 534.96),
	(2, 3, '2018-11-04', 642.90, 128.58, 514.32),
	(3, 2, '2018-07-26', 91.40, 18.28, 73.12),
	(4, 4, '2018-03-27', 935.50, 187.10, 748.40),
	(5, 6, '2018-03-16', 647.80, 129.56, 518.24),
	(6, 3, '2018-09-17', 502.60, 100.52, 402.08),
	(7, 5, '2018-05-10', 582.40, 116.48, 465.92),
	(8, 4, '2018-03-08', 961.90, 192.38, 769.52),
	(9, 7, '2018-09-20', 181.40, 36.28, 145.12),
	(10, 2, '2018-06-26', 626.70, 125.34, 501.36),
	(11, 10, '2018-01-31', 363.70, 72.74, 290.96),
	(12, 9, '2018-09-28', 366.70, 73.34, 293.36),
	(13, 8, '2018-12-07', 627.90, 125.58, 502.32),
	(14, 5, '2018-04-27', 840.60, 168.12, 672.48),
	(15, 4, '2018-11-22', 593.40, 118.68, 474.72),
	(16, 10, '2018-02-05', 571.00, 114.20, 456.80),
	(17, 4, '2019-01-03', 637.00, 127.40, 509.60),
	(18, 5, '2018-07-15', 598.50, 119.70, 478.80),
	(19, 9, '2018-10-30', 812.30, 162.46, 649.84),
	(20, 4, '2018-05-14', 557.60, 111.52, 446.08),
	(21, 5, '2018-12-23', 55.70, 11.14, 44.56),
	(22, 5, '2018-11-08', 972.90, 194.58, 778.32),
	(23, 9, '2018-01-20', 944.30, 188.86, 755.44),
	(24, 2, '2018-12-23', 602.60, 120.52, 482.08),
	(25, 8, '2018-07-06', 485.70, 97.14, 388.56),
	(26, 3, '2018-10-29', 282.30, 56.46, 225.84),
	(27, 7, '2018-07-26', 340.30, 68.06, 272.24),
	(28, 10, '2018-03-23', 387.20, 77.44, 309.76),
	(29, 2, '2018-09-30', 765.30, 153.06, 612.24),
	(30, 5, '2018-04-29', 382.50, 76.50, 306.00);
/*!40000 ALTER TABLE `order` ENABLE KEYS */;

-- Dumping structure for table festo_homework.order_details
CREATE TABLE IF NOT EXISTS `order_details` (
  `id` int(11) NOT NULL,
  `order_id` int(11) NOT NULL,
  `product_id` int(11) NOT NULL,
  `amount` int(11) NOT NULL,
  `no_discount_price` decimal(10,2) NOT NULL,
  `discount` decimal(10,0) NOT NULL,
  `final_price` decimal(10,2) NOT NULL,
  PRIMARY KEY (`id`),
  KEY `FK_order_details_order` (`order_id`),
  KEY `FK_order_details_product` (`product_id`),
  CONSTRAINT `FK_order_details_order` FOREIGN KEY (`order_id`) REFERENCES `order` (`id`),
  CONSTRAINT `FK_order_details_product` FOREIGN KEY (`product_id`) REFERENCES `product` (`ID`)
) ENGINE=InnoDB DEFAULT CHARSET=utf8;

-- Dumping data for table festo_homework.order_details: ~30 rows (approximately)
/*!40000 ALTER TABLE `order_details` DISABLE KEYS */;
INSERT INTO `order_details` (`id`, `order_id`, `product_id`, `amount`, `no_discount_price`, `discount`, `final_price`) VALUES
	(1, 1, 1, 4, 397.10, 12, 47.65),
	(2, 1, 4, 2, 230.20, 4, 9.21),
	(3, 3, 8, 3, 359.80, 9, 32.38),
	(4, 9, 3, 4, 270.80, 19, 51.45),
	(5, 10, 3, 5, 210.90, 30, 63.27),
	(6, 4, 5, 1, 422.70, 21, 88.77),
	(7, 9, 6, 2, 348.70, 26, 90.66),
	(8, 7, 3, 2, 203.60, 7, 14.25),
	(9, 9, 9, 1, 164.60, 8, 13.17),
	(10, 5, 10, 4, 61.40, 9, 5.53),
	(11, 4, 8, 4, 134.10, 3, 4.02),
	(12, 10, 1, 5, 282.60, 6, 16.96),
	(13, 10, 7, 5, 159.20, 7, 11.14),
	(14, 1, 9, 5, 474.00, 12, 56.88),
	(15, 9, 5, 5, 171.00, 23, 39.33),
	(16, 5, 4, 2, 123.20, 24, 29.57),
	(17, 7, 4, 2, 75.80, 19, 14.40),
	(18, 9, 10, 5, 282.40, 13, 36.71),
	(19, 4, 4, 1, 31.20, 23, 7.18),
	(20, 5, 8, 3, 15.80, 9, 1.42),
	(21, 10, 10, 1, 113.00, 5, 5.65),
	(22, 1, 4, 2, 234.90, 9, 21.14),
	(23, 5, 10, 3, 199.00, 11, 21.89),
	(24, 4, 2, 1, 92.00, 1, 0.92),
	(25, 4, 8, 2, 456.80, 10, 45.68),
	(26, 7, 1, 3, 485.30, 19, 92.21),
	(27, 1, 8, 4, 142.20, 9, 12.80),
	(28, 10, 5, 5, 342.20, 21, 71.86),
	(29, 8, 10, 2, 477.20, 21, 100.21),
	(30, 4, 6, 4, 212.70, 11, 23.40);
/*!40000 ALTER TABLE `order_details` ENABLE KEYS */;

-- Dumping structure for table festo_homework.product
CREATE TABLE IF NOT EXISTS `product` (
  `ID` int(11) NOT NULL AUTO_INCREMENT,
  `name` varchar(11) NOT NULL,
  `code` varchar(11) NOT NULL,
  `type_id` int(11) NOT NULL,
  `designer_id` int(11) NOT NULL,
  `price` decimal(8,2) NOT NULL,
  PRIMARY KEY (`ID`),
  KEY `FK_Product_Type` (`type_id`),
  KEY `FK_Product_Design` (`designer_id`),
  CONSTRAINT `FK_Product_Design` FOREIGN KEY (`designer_id`) REFERENCES `designer` (`ID`),
  CONSTRAINT `FK_Product_Type` FOREIGN KEY (`type_id`) REFERENCES `product_type` (`ID`)
) ENGINE=InnoDB AUTO_INCREMENT=39 DEFAULT CHARSET=utf8;

-- Dumping data for table festo_homework.product: ~38 rows (approximately)
/*!40000 ALTER TABLE `product` DISABLE KEYS */;
INSERT INTO `product` (`ID`, `name`, `code`, `type_id`, `designer_id`, `price`) VALUES
	(1, 'belekas', '', 15, 15, 231.00),
	(2, 'baklazanas', '', 12, 9, 4545.00),
	(3, 'belekas', '', 16, 15, 1213.00),
	(4, 'baklazanas', '', 7, 21, 978897.00),
	(5, 'slyva', '', 15, 23, 46598.00),
	(6, 'rojus', '', 4, 25, 798.00),
	(7, 'nan', '', 19, 8, 7887.12),
	(8, 'kazkas', '', 7, 5, 45.00),
	(9, 'vovere', '', 19, 11, 46546.22),
	(10, 'kosmosas', '', 7, 24, 789.33),
	(11, 'pirma', '', 4, 5, 468.32),
	(12, 'antra', '', 10, 24, 4646.12),
	(13, 'trecia', '', 4, 12, 46466.13),
	(14, 'ketvirta', '', 22, 24, 7654.33),
	(15, 'penkta', '', 6, 5, 4789.22),
	(16, 'sesta', '', 22, 25, 898.33),
	(17, 'septinta', '', 11, 1, 46465.78),
	(18, 'astunta', '', 15, 15, 319.27),
	(19, 'devinta', '', 22, 2, 621121.12),
	(20, 'desimt', '', 20, 23, 4277.65),
	(21, 'vienuolikta', '', 20, 5, 787.87),
	(22, 'dvylikta', '', 21, 2, 7931.22),
	(23, 'trylikta', '', 12, 17, 45.36),
	(24, 'keturiolikt', '', 11, 3, 7897.32),
	(25, 'penkiolikta', '', 8, 23, 78.36),
	(26, 'sesiolikta', '', 18, 5, 1232.65),
	(27, 'septyniolik', '', 14, 12, 789.33),
	(28, 'astuoniolik', '', 21, 4, 7889.66),
	(29, 'devyniolikt', '', 12, 17, 79989.21),
	(30, 'dvidesimta', '', 11, 25, 78.33),
	(31, 'dvidesimtpi', '', 19, 15, 789.25),
	(32, 'dvidesimtan', '', 12, 8, 4654.33),
	(33, 'dvidesimtre', '', 9, 2, 4646.68),
	(34, 'dvidesimtpe', '', 14, 2, 7788.23),
	(35, 'dvidesimtse', '', 18, 8, 45689.21),
	(36, 'didesimtsep', '', 6, 1, 45.12),
	(37, 'dvidesimtas', '', 10, 6, 79889.12),
	(38, 'dvidesimtde', '', 21, 25, 654.23);
/*!40000 ALTER TABLE `product` ENABLE KEYS */;

-- Dumping structure for table festo_homework.product_type
CREATE TABLE IF NOT EXISTS `product_type` (
  `ID` int(11) NOT NULL AUTO_INCREMENT,
  `code` varchar(255) NOT NULL,
  `name` varchar(255) NOT NULL,
  PRIMARY KEY (`ID`)
) ENGINE=InnoDB AUTO_INCREMENT=23 DEFAULT CHARSET=utf8;

-- Dumping data for table festo_homework.product_type: ~22 rows (approximately)
/*!40000 ALTER TABLE `product_type` DISABLE KEYS */;
INSERT INTO `product_type` (`ID`, `code`, `name`) VALUES
	(1, '0400', 'Suknelė'),
	(2, '0404', 'Kelnės'),
	(3, '0404', 'Marškiniai'),
	(4, '4000', 'Striukė'),
	(5, '0040', 'Šalikas'),
	(6, '0440', 'Kepurė'),
	(7, '0500', 'Suknelė'),
	(8, '5000', 'Triusikai'),
	(9, '0050', 'Robotas'),
	(10, '0005', 'Kiltas'),
	(11, '0055', 'Wow'),
	(12, '0550', 'Kepurė'),
	(13, '5500', 'Kepurė'),
	(14, '0555', 'Maikė'),
	(15, '5550', 'Maikė'),
	(16, '5555', 'Paltas'),
	(17, '4444', 'Batai'),
	(18, '7777', 'Paltas'),
	(19, '7778', 'Batai'),
	(20, '7779', 'Kepurė'),
	(21, '7780', 'Suknelė'),
	(22, '8080', 'Marškiniai');
/*!40000 ALTER TABLE `product_type` ENABLE KEYS */;

/*!40101 SET SQL_MODE=IFNULL(@OLD_SQL_MODE, '') */;
/*!40014 SET FOREIGN_KEY_CHECKS=IF(@OLD_FOREIGN_KEY_CHECKS IS NULL, 1, @OLD_FOREIGN_KEY_CHECKS) */;
/*!40101 SET CHARACTER_SET_CLIENT=@OLD_CHARACTER_SET_CLIENT */;
